ticker,name,earnings,fiscal_period,fiscal_year,filing_date
SEDG,"SolarEdge Technologies, Inc.",2024-02-25,FY,2023,2024-02-26
SEDG,"SolarEdge Technologies, Inc.",2023-11-05,Q3,2023,2023-11-06
SEDG,"SolarEdge Technologies, Inc.",2023-08-06,Q2,2023,2023-08-07
SEDG,"SolarEdge Technologies, Inc.",2023-05-07,Q1,2023,2023-05-08
SEDG,"SolarEdge Technologies, Inc.",2023-02-21,FY,2022,2023-02-22
SEDG,"SolarEdge Technologies, Inc.",2022-11-07,Q3,2022,2022-11-08
SEDG,"SolarEdge Technologies, Inc.",2022-08-03,Q2,2022,2022-08-04
SEDG,"SolarEdge Technologies, Inc.",2022-05-03,Q1,2022,2022-05-04
ENPH,"Enphase Energy, Inc.",2024-02-08,FY,2023,2024-02-09
ENPH,"Enphase Energy, Inc.",2023-10-25,Q3,2023,2023-10-26
ENPH,"Enphase Energy, Inc.",2023-07-26,Q2,2023,2023-07-27
ENPH,"Enphase Energy, Inc.",2023-04-24,Q1,2023,2023-04-25
ENPH,"Enphase Energy, Inc.",2023-02-12,FY,2022,2023-02-13
ENPH,"Enphase Energy, Inc.",2022-10-24,Q3,2022,2022-10-25
ENPH,"Enphase Energy, Inc.",2022-07-25,Q2,2022,2022-07-26
ENPH,"Enphase Energy, Inc.",2022-04-25,Q1,2022,2022-04-26
VCYT,"Veracyte, Inc.",2024-02-28,FY,2023,2024-02-29
VCYT,"Veracyte, Inc.",2023-11-07,Q3,2023,2023-11-08
VCYT,"Veracyte, Inc.",2023-08-08,Q2,2023,2023-08-09
VCYT,"Veracyte, Inc.",2023-05-04,Q1,2023,2023-05-05
VCYT,"Veracyte, Inc.",2023-02-28,FY,2022,2023-03-01
VCYT,"Veracyte, Inc.",2022-11-02,Q3,2022,2022-11-03
VCYT,"Veracyte, Inc.",2022-08-02,Q2,2022,2022-08-03
VCYT,"Veracyte, Inc.",2022-05-03,Q1,2022,2022-05-04
PLTR,Palantir Technologies Inc. Class A Common Stock,2024-02-19,FY,2023,2024-02-20
PLTR,Palantir Technologies Inc. Class A Common Stock,2023-11-02,Q3,2023,2023-11-03
PLTR,Palantir Technologies Inc. Class A Common Stock,2023-08-07,Q2,2023,2023-08-08
PLTR,Palantir Technologies Inc. Class A Common Stock,2023-05-08,Q1,2023,2023-05-09
PLTR,Palantir Technologies Inc. Class A Common Stock,2023-02-20,FY,2022,2023-02-21
PLTR,Palantir Technologies Inc. Class A Common Stock,2022-11-06,Q3,2022,2022-11-07
PLTR,Palantir Technologies Inc. Class A Common Stock,2022-08-07,Q2,2022,2022-08-08
PLTR,Palantir Technologies Inc. Class A Common Stock,2022-05-08,Q1,2022,2022-05-09
SMCI,"Super Micro Computer, Inc. Common Stock",2024-02-01,Q2,2024,2024-02-02
SUPN,"Supernus Pharmaceuticals, Inc.",2024-02-01,Q2,2024,2024-02-02
SMCI,"Super Micro Computer, Inc. Common Stock",2023-11-02,Q1,2024,2023-11-03
SUPN,"Supernus Pharmaceuticals, Inc.",2023-11-02,Q1,2024,2023-11-03
SMCI,"Super Micro Computer, Inc. Common Stock",2023-08-27,FY,2023,2023-08-28
SUPN,"Supernus Pharmaceuticals, Inc.",2023-08-27,FY,2023,2023-08-28
SMCI,"Super Micro Computer, Inc. Common Stock",2023-05-04,Q3,2023,2023-05-05
SUPN,"Supernus Pharmaceuticals, Inc.",2023-05-04,Q3,2023,2023-05-05
SMCI,"Super Micro Computer, Inc. Common Stock",2023-02-02,Q2,2023,2023-02-03
SUPN,"Supernus Pharmaceuticals, Inc.",2023-02-02,Q2,2023,2023-02-03
SMCI,"Super Micro Computer, Inc. Common Stock",2022-11-03,Q1,2023,2022-11-04
SUPN,"Supernus Pharmaceuticals, Inc.",2022-11-03,Q1,2023,2022-11-04
SMCI,"Super Micro Computer, Inc. Common Stock",2022-08-28,FY,2022,2022-08-29
SUPN,"Supernus Pharmaceuticals, Inc.",2022-08-28,FY,2022,2022-08-29
SMCI,"Super Micro Computer, Inc. Common Stock",2022-05-05,Q3,2022,2022-05-06
SUPN,"Supernus Pharmaceuticals, Inc.",2022-05-05,Q3,2022,2022-05-06
FOUR,"Shift4 Payments, Inc.",2024-02-28,FY,2023,2024-02-29
FOUR,"Shift4 Payments, Inc.",2023-11-08,Q3,2023,2023-11-09
FOUR,"Shift4 Payments, Inc.",2023-08-03,Q2,2023,2023-08-04
FOUR,"Shift4 Payments, Inc.",2023-05-08,Q1,2023,2023-05-09
FOUR,"Shift4 Payments, Inc.",2023-02-28,FY,2022,2023-03-01
FOUR,"Shift4 Payments, Inc.",2022-11-07,Q3,2022,2022-11-08
FOUR,"Shift4 Payments, Inc.",2022-08-04,Q2,2022,2022-08-05
FOUR,"Shift4 Payments, Inc.",2022-05-05,Q1,2022,2022-05-06
SQ,"Block, Inc.",2024-02-21,FY,2023,2024-02-22
SQ,"Block, Inc.",2023-11-01,Q3,2023,2023-11-02
SQ,"Block, Inc.",2023-08-02,Q2,2023,2023-08-03
SQ,"Block, Inc.",2023-05-03,Q1,2023,2023-05-04
SQ,"Block, Inc.",2023-02-22,FY,2022,2023-02-23
SQ,"Block, Inc.",2022-11-02,Q3,2022,2022-11-03
SQ,"Block, Inc.",2022-08-03,Q2,2022,2022-08-04
SQ,"Block, Inc.",2022-05-04,Q1,2022,2022-05-05
DOCS,"Doximity, Inc.",2024-02-07,Q3,2024,2024-02-08
DOCS,"Doximity, Inc.",2023-11-08,Q2,2024,2023-11-09
DOCS,"Doximity, Inc.",2023-08-07,Q1,2024,2023-08-08
DOCS,"Doximity, Inc.",2023-05-25,FY,2023,2023-05-26
DOCS,"Doximity, Inc.",2023-02-08,Q3,2023,2023-02-09
DOCS,"Doximity, Inc.",2022-11-09,Q2,2023,2022-11-10
DOCS,"Doximity, Inc.",2022-08-04,Q1,2023,2022-08-05
DOCS,"Doximity, Inc.",2022-05-26,FY,2022,2022-05-27
TSLA,"Tesla, Inc. Common Stock",2024-01-28,FY,2023,2024-01-29
TSLA,"Tesla, Inc. Common Stock",2023-10-22,Q3,2023,2023-10-23
TSLA,"Tesla, Inc. Common Stock",2023-07-23,Q2,2023,2023-07-24
TSLA,"Tesla, Inc. Common Stock",2023-04-23,Q1,2023,2023-04-24
TSLA,"Tesla, Inc. Common Stock",2023-01-30,FY,2022,2023-01-31
TSLA,"Tesla, Inc. Common Stock",2022-10-23,Q3,2022,2022-10-24
TSLA,"Tesla, Inc. Common Stock",2022-07-24,Q2,2022,2022-07-25
TSLA,"Tesla, Inc. Common Stock",2022-04-24,Q1,2022,2022-04-25
GSHD,"Goosehead Insurance, Inc. Class A Common Stock",2024-02-21,FY,2023,2024-02-22
GSHD,"Goosehead Insurance, Inc. Class A Common Stock",2023-11-08,Q3,2023,2023-11-09
GSHD,"Goosehead Insurance, Inc. Class A Common Stock",2023-07-26,Q2,2023,2023-07-27
GSHD,"Goosehead Insurance, Inc. Class A Common Stock",2023-04-27,Q1,2023,2023-04-28
GSHD,"Goosehead Insurance, Inc. Class A Common Stock",2023-02-26,FY,2022,2023-02-27
GSHD,"Goosehead Insurance, Inc. Class A Common Stock",2022-10-26,Q3,2022,2022-10-27
GSHD,"Goosehead Insurance, Inc. Class A Common Stock",2022-07-27,Q2,2022,2022-07-28
GSHD,"Goosehead Insurance, Inc. Class A Common Stock",2022-04-27,Q1,2022,2022-04-28
LSCC,Lattice Semiconductor Corp,2024-02-15,FY,2023,2024-02-16
LSCC,Lattice Semiconductor Corp,2023-10-30,Q3,2023,2023-10-31
LSCC,Lattice Semiconductor Corp,2023-07-31,Q2,2023,2023-08-01
LSCC,Lattice Semiconductor Corp,2023-05-01,Q1,2023,2023-05-02
LSCC,Lattice Semiconductor Corp,2023-02-16,FY,2022,2023-02-17
LSCC,Lattice Semiconductor Corp,2022-10-31,Q3,2022,2022-11-01
LSCC,Lattice Semiconductor Corp,2022-08-01,Q2,2022,2022-08-02
LSCC,Lattice Semiconductor Corp,2022-05-03,Q1,2022,2022-05-04
ELF,"e.l.f. Beauty, Inc.",2024-02-06,Q3,2024,2024-02-07
ELF,"e.l.f. Beauty, Inc.",2023-11-01,Q2,2024,2023-11-02
ELF,"e.l.f. Beauty, Inc.",2023-08-01,Q1,2024,2023-08-02
ELF,"e.l.f. Beauty, Inc.",2023-05-24,FY,2023,2023-05-25
ELF,"e.l.f. Beauty, Inc.",2023-02-01,Q3,2023,2023-02-02
ELF,"e.l.f. Beauty, Inc.",2022-11-02,Q2,2023,2022-11-03
ELF,"e.l.f. Beauty, Inc.",2022-08-03,Q1,2023,2022-08-04
ELF,"e.l.f. Beauty, Inc.",2022-05-25,FY,2022,2022-05-26
TWLO,Twilio Inc.,2024-02-26,FY,2023,2024-02-27
TWLO,Twilio Inc.,2023-11-08,Q3,2023,2023-11-09
TWLO,Twilio Inc.,2023-08-08,Q2,2023,2023-08-09
TWLO,Twilio Inc.,2023-05-09,Q1,2023,2023-05-10
TWLO,Twilio Inc.,2023-02-26,FY,2022,2023-02-27
TWLO,Twilio Inc.,2022-11-03,Q3,2022,2022-11-04
TWLO,Twilio Inc.,2022-08-04,Q2,2022,2022-08-05
AMD,Advanced Micro Devices,2024-01-30,FY,2023,2024-01-31
AAP,ADVANCE AUTO PARTS INC,2024-01-30,FY,2023,2024-01-31
AMD,Advanced Micro Devices,2023-10-31,Q3,2023,2023-11-01
AAP,ADVANCE AUTO PARTS INC,2023-10-31,Q3,2023,2023-11-01
AMD,Advanced Micro Devices,2023-08-01,Q2,2023,2023-08-02
AAP,ADVANCE AUTO PARTS INC,2023-08-01,Q2,2023,2023-08-02
AMD,Advanced Micro Devices,2023-05-02,Q1,2023,2023-05-03
AAP,ADVANCE AUTO PARTS INC,2023-05-02,Q1,2023,2023-05-03
AMD,Advanced Micro Devices,2023-02-26,FY,2022,2023-02-27
AAP,ADVANCE AUTO PARTS INC,2023-02-26,FY,2022,2023-02-27
AMD,Advanced Micro Devices,2022-11-01,Q3,2022,2022-11-02
AAP,ADVANCE AUTO PARTS INC,2022-11-01,Q3,2022,2022-11-02
AMD,Advanced Micro Devices,2022-08-02,Q2,2022,2022-08-03
AAP,ADVANCE AUTO PARTS INC,2022-08-02,Q2,2022,2022-08-03
AMD,Advanced Micro Devices,2022-05-03,Q1,2022,2022-05-04
AAP,ADVANCE AUTO PARTS INC,2022-05-03,Q1,2022,2022-05-04
NVDA,Nvidia Corp,2024-02-20,FY,2024,2024-02-21
NVDA,Nvidia Corp,2023-11-20,Q3,2024,2023-11-21
NVDA,Nvidia Corp,2023-08-27,Q2,2024,2023-08-28
NVDA,Nvidia Corp,2023-05-25,Q1,2024,2023-05-26
NVDA,Nvidia Corp,2023-02-23,FY,2023,2023-02-24
NVDA,Nvidia Corp,2022-11-17,Q3,2023,2022-11-18
NVDA,Nvidia Corp,2022-08-30,Q2,2023,2022-08-31
NVDA,Nvidia Corp,2022-05-26,Q1,2023,2022-05-27
UUUU,Energy Fuels Inc.,2024-02-22,FY,2023,2024-02-23
UUUU,Energy Fuels Inc.,2023-11-05,Q3,2023,2023-11-06
UUUU,Energy Fuels Inc.,2023-08-03,Q2,2023,2023-08-04
UUUU,Energy Fuels Inc.,2023-05-04,Q1,2023,2023-05-05
UUUU,Energy Fuels Inc.,2023-03-07,FY,2022,2023-03-08
UUUU,Energy Fuels Inc.,2022-11-03,Q3,2022,2022-11-04
UUUU,Energy Fuels Inc.,2022-08-04,Q2,2022,2022-08-05
UUUU,Energy Fuels Inc.,2022-05-15,Q1,2022,2022-05-16
FTNT,"Fortinet, Inc.",2024-02-25,FY,2023,2024-02-26
FTNT,"Fortinet, Inc.",2023-11-06,Q3,2023,2023-11-07
FTNT,"Fortinet, Inc.",2023-08-06,Q2,2023,2023-08-07
FTNT,"Fortinet, Inc.",2023-05-07,Q1,2023,2023-05-08
FTNT,"Fortinet, Inc.",2023-02-23,FY,2022,2023-02-24
FTNT,"Fortinet, Inc.",2022-11-06,Q3,2022,2022-11-07
FTNT,"Fortinet, Inc.",2022-08-04,Q2,2022,2022-08-05
FTNT,"Fortinet, Inc.",2022-05-05,Q1,2022,2022-05-06
SMCI,"Super Micro Computer, Inc. Common Stock",2023-11-07,Q3,2023,2023-11-08
SUPN,"Supernus Pharmaceuticals, Inc.",2023-11-07,Q3,2023,2023-11-08
SMCI,"Super Micro Computer, Inc. Common Stock",2023-08-07,Q2,2023,2023-08-08
SUPN,"Supernus Pharmaceuticals, Inc.",2023-08-07,Q2,2023,2023-08-08
SMCI,"Super Micro Computer, Inc. Common Stock",2023-05-08,Q1,2023,2023-05-09
SUPN,"Supernus Pharmaceuticals, Inc.",2023-05-08,Q1,2023,2023-05-09
SMCI,"Super Micro Computer, Inc. Common Stock",2023-03-08,FY,2022,2023-03-09
SUPN,"Supernus Pharmaceuticals, Inc.",2023-03-08,FY,2022,2023-03-09
SMCI,"Super Micro Computer, Inc. Common Stock",2022-11-08,Q3,2022,2022-11-09
SUPN,"Supernus Pharmaceuticals, Inc.",2022-11-08,Q3,2022,2022-11-09
SMCI,"Super Micro Computer, Inc. Common Stock",2022-08-07,Q2,2022,2022-08-08
SUPN,"Supernus Pharmaceuticals, Inc.",2022-08-07,Q2,2022,2022-08-08
SMCI,"Super Micro Computer, Inc. Common Stock",2022-05-11,Q1,2022,2022-05-12
SUPN,"Supernus Pharmaceuticals, Inc.",2022-05-11,Q1,2022,2022-05-12
UEC,Uranium Energy Corp.,2024-03-10,Q2,2024,2024-03-11
UEC,Uranium Energy Corp.,2023-12-10,Q1,2024,2023-12-11
UEC,Uranium Energy Corp.,2023-09-28,FY,2023,2023-09-29
UEC,Uranium Energy Corp.,2023-06-08,Q3,2023,2023-06-09
UEC,Uranium Energy Corp.,2023-03-12,Q2,2023,2023-03-13
UEC,Uranium Energy Corp.,2022-12-18,Q1,2023,2022-12-19
UEC,Uranium Energy Corp.,2022-09-28,FY,2022,2022-09-29
UEC,Uranium Energy Corp.,2022-06-13,Q3,2022,2022-06-14
META,"Meta Platforms, Inc. Class A Common Stock",2024-02-01,FY,2023,2024-02-02
META,"Meta Platforms, Inc. Class A Common Stock",2023-10-25,Q3,2023,2023-10-26
META,"Meta Platforms, Inc. Class A Common Stock",2023-07-26,Q2,2023,2023-07-27
META,"Meta Platforms, Inc. Class A Common Stock",2023-04-26,Q1,2023,2023-04-27
META,"Meta Platforms, Inc. Class A Common Stock",2023-02-01,FY,2022,2023-02-02
META,"Meta Platforms, Inc. Class A Common Stock",2022-10-26,Q3,2022,2022-10-27
META,"Meta Platforms, Inc. Class A Common Stock",2022-07-27,Q2,2022,2022-07-28
M,Macy's Inc.,2024-03-21,FY,2024,2024-03-22
M,Macy's Inc.,2023-11-27,Q3,2024,2023-11-28
M,Macy's Inc.,2023-08-24,Q2,2024,2023-08-25
M,Macy's Inc.,2023-06-05,Q1,2024,2023-06-06
M,Macy's Inc.,2023-03-23,FY,2023,2023-03-24
M,Macy's Inc.,2022-11-29,Q3,2023,2022-11-30
M,Macy's Inc.,2022-08-25,Q2,2023,2022-08-26
M,Macy's Inc.,2022-06-06,Q1,2023,2022-06-07
KSS,Kohls Corporation,2024-03-20,FY,2024,2024-03-21
KSS,Kohls Corporation,2023-11-29,Q3,2024,2023-11-30
KSS,Kohls Corporation,2023-08-30,Q2,2024,2023-08-31
KSS,Kohls Corporation,2023-05-31,Q1,2024,2023-06-01
KSS,Kohls Corporation,2023-03-15,FY,2023,2023-03-16
KSS,Kohls Corporation,2022-11-30,Q3,2023,2022-12-01
KSS,Kohls Corporation,2022-08-31,Q2,2023,2022-09-01
KSS,Kohls Corporation,2022-06-01,Q1,2023,2022-06-02
MDB,"MongoDB, Inc. Class A",2024-03-14,FY,2024,2024-03-15
MDB,"MongoDB, Inc. Class A",2023-12-06,Q3,2024,2023-12-07
MDB,"MongoDB, Inc. Class A",2023-08-31,Q2,2024,2023-09-01
MDB,"MongoDB, Inc. Class A",2023-06-01,Q1,2024,2023-06-02
MDB,"MongoDB, Inc. Class A",2023-03-16,FY,2023,2023-03-17
MDB,"MongoDB, Inc. Class A",2022-12-07,Q3,2023,2022-12-08
MDB,"MongoDB, Inc. Class A",2022-09-01,Q2,2023,2022-09-02
MDB,"MongoDB, Inc. Class A",2022-06-02,Q1,2023,2022-06-03
UFPT,UFP Technologies Inc,2024-02-28,FY,2023,2024-02-29
UFPT,UFP Technologies Inc,2023-11-08,Q3,2023,2023-11-09
UFPT,UFP Technologies Inc,2023-08-08,Q2,2023,2023-08-09
UFPT,UFP Technologies Inc,2023-05-09,Q1,2023,2023-05-10
UFPT,UFP Technologies Inc,2023-03-15,FY,2022,2023-03-16
UFPT,UFP Technologies Inc,2022-11-08,Q3,2022,2022-11-09
UFPT,UFP Technologies Inc,2022-05-09,Q1,2022,2022-05-10
PATH,"UiPath, Inc.",2024-03-26,FY,2024,2024-03-27
PATH,"UiPath, Inc.",2023-12-03,Q3,2024,2023-12-04
PATH,"UiPath, Inc.",2023-09-06,Q2,2024,2023-09-07
PATH,"UiPath, Inc.",2023-06-01,Q1,2024,2023-06-02
PATH,"UiPath, Inc.",2023-03-23,FY,2023,2023-03-24
PATH,"UiPath, Inc.",2022-12-04,Q3,2023,2022-12-05
PATH,"UiPath, Inc.",2022-09-07,Q2,2023,2022-09-08
PATH,"UiPath, Inc.",2022-06-02,Q1,2023,2022-06-03
INTC,Intel Corp,2024-01-25,FY,2023,2024-01-26
INTC,Intel Corp,2023-07-27,Q2,2023,2023-07-28
INTC,Intel Corp,2023-04-27,Q1,2023,2023-04-28
INTC,Intel Corp,2023-01-26,FY,2022,2023-01-27
INTC,Intel Corp,2022-10-27,Q3,2022,2022-10-28
INTC,Intel Corp,2022-07-28,Q2,2022,2022-07-29
INTC,Intel Corp,2022-04-28,Q1,2022,2022-04-29
DELL,Dell Technologies Inc.,2024-03-24,FY,2024,2024-03-25
DELL,Dell Technologies Inc.,2023-12-07,Q3,2024,2023-12-08
DELL,Dell Technologies Inc.,2023-09-11,Q2,2024,2023-09-12
DELL,Dell Technologies Inc.,2023-06-11,Q1,2024,2023-06-12
DELL,Dell Technologies Inc.,2023-03-29,FY,2023,2023-03-30
DELL,Dell Technologies Inc.,2022-12-04,Q3,2023,2022-12-05
DELL,Dell Technologies Inc.,2022-08-31,Q2,2023,2022-09-01
DELL,Dell Technologies Inc.,2022-06-05,Q1,2023,2022-06-06
LNC,Lincoln National Corp.,2024-02-21,FY,2023,2024-02-22
LNC,Lincoln National Corp.,2023-11-01,Q3,2023,2023-11-02
LNC,Lincoln National Corp.,2023-08-02,Q2,2023,2023-08-03
LNC,Lincoln National Corp.,2023-05-09,Q1,2023,2023-05-10
LNC,Lincoln National Corp.,2023-02-15,FY,2022,2023-02-16
LNC,Lincoln National Corp.,2022-11-02,Q3,2022,2022-11-03
LNC,Lincoln National Corp.,2022-08-03,Q2,2022,2022-08-04
LNC,Lincoln National Corp.,2022-05-04,Q1,2022,2022-05-05
AMD,Advanced Micro Devices,2024-03-11,FY,2023,2024-03-12
AAP,ADVANCE AUTO PARTS INC,2024-03-11,FY,2023,2024-03-12
AMD,Advanced Micro Devices,2023-11-20,Q3,2023,2023-11-21
AAP,ADVANCE AUTO PARTS INC,2023-11-20,Q3,2023,2023-11-21
AMD,Advanced Micro Devices,2023-08-22,Q2,2023,2023-08-23
AAP,ADVANCE AUTO PARTS INC,2023-08-22,Q2,2023,2023-08-23
AMD,Advanced Micro Devices,2023-06-05,Q1,2023,2023-06-06
AAP,ADVANCE AUTO PARTS INC,2023-06-05,Q1,2023,2023-06-06
AMD,Advanced Micro Devices,2023-02-27,FY,2022,2023-02-28
AAP,ADVANCE AUTO PARTS INC,2023-02-27,FY,2022,2023-02-28
AMD,Advanced Micro Devices,2022-11-15,Q3,2022,2022-11-16
AAP,ADVANCE AUTO PARTS INC,2022-11-15,Q3,2022,2022-11-16
AMD,Advanced Micro Devices,2022-08-23,Q2,2022,2022-08-24
AAP,ADVANCE AUTO PARTS INC,2022-08-23,Q2,2022,2022-08-24
AMD,Advanced Micro Devices,2022-05-23,Q1,2022,2022-05-24
AAP,ADVANCE AUTO PARTS INC,2022-05-23,Q1,2022,2022-05-24
QCOM,Qualcomm Inc,2024-01-30,Q1,2024,2024-01-31
QCOM,Qualcomm Inc,2023-10-31,FY,2023,2023-11-01
QCOM,Qualcomm Inc,2023-08-01,Q3,2023,2023-08-02
QCOM,Qualcomm Inc,2023-05-02,Q2,2023,2023-05-03
QCOM,Qualcomm Inc,2023-02-01,Q1,2023,2023-02-02
QCOM,Qualcomm Inc,2022-11-01,FY,2022,2022-11-02
QCOM,Qualcomm Inc,2022-07-26,Q3,2022,2022-07-27
QCOM,Qualcomm Inc,2022-04-26,Q2,2022,2022-04-27
F,Ford Motor Company,2024-02-06,FY,2023,2024-02-07
F,Ford Motor Company,2023-07-27,Q2,2023,2023-07-28
F,Ford Motor Company,2023-05-02,Q1,2023,2023-05-03
F,Ford Motor Company,2023-02-02,FY,2022,2023-02-03
F,Ford Motor Company,2022-10-26,Q3,2022,2022-10-27
F,Ford Motor Company,2022-07-27,Q2,2022,2022-07-28
F,Ford Motor Company,2022-04-27,Q1,2022,2022-04-28
AMZN,Amazon.Com Inc,2024-02-01,FY,2023,2024-02-02
AMZN,Amazon.Com Inc,2023-08-03,Q2,2023,2023-08-04
AMZN,Amazon.Com Inc,2023-04-27,Q1,2023,2023-04-28
AMZN,Amazon.Com Inc,2023-02-02,FY,2022,2023-02-03
AMZN,Amazon.Com Inc,2022-10-27,Q3,2022,2022-10-28
AMZN,Amazon.Com Inc,2022-07-28,Q2,2022,2022-07-29
AMZN,Amazon.Com Inc,2022-04-28,Q1,2022,2022-04-29
CRM,"Salesforce, Inc.",2024-03-05,FY,2024,2024-03-06
CRM,"Salesforce, Inc.",2023-11-29,Q3,2024,2023-11-30
CRM,"Salesforce, Inc.",2023-08-30,Q2,2024,2023-08-31
CRM,"Salesforce, Inc.",2023-05-31,Q1,2024,2023-06-01
CRM,"Salesforce, Inc.",2023-03-07,FY,2023,2023-03-08
CRM,"Salesforce, Inc.",2022-11-30,Q3,2023,2022-12-01
CRM,"Salesforce, Inc.",2022-08-24,Q2,2023,2022-08-25
CRM,"Salesforce, Inc.",2022-05-31,Q1,2023,2022-06-01
MAR,Marriot International Class A Common Stock,2024-02-12,FY,2023,2024-02-13
MAR,Marriot International Class A Common Stock,2023-11-01,Q3,2023,2023-11-02
MAR,Marriot International Class A Common Stock,2023-07-31,Q2,2023,2023-08-01
MAR,Marriot International Class A Common Stock,2023-05-01,Q1,2023,2023-05-02
MAR,Marriot International Class A Common Stock,2023-02-13,FY,2022,2023-02-14
MAR,Marriot International Class A Common Stock,2022-11-02,Q3,2022,2022-11-03
MAR,Marriot International Class A Common Stock,2022-08-01,Q2,2022,2022-08-02
MAR,Marriot International Class A Common Stock,2022-05-03,Q1,2022,2022-05-04
INTU,Intuit Inc,2024-02-21,Q2,2024,2024-02-22
INTU,Intuit Inc,2023-11-27,Q1,2024,2023-11-28
INTU,Intuit Inc,2023-08-31,FY,2023,2023-09-01
INTU,Intuit Inc,2023-05-22,Q3,2023,2023-05-23
INTU,Intuit Inc,2023-02-22,Q2,2023,2023-02-23
INTU,Intuit Inc,2022-11-28,Q1,2023,2022-11-29
INTU,Intuit Inc,2022-09-01,FY,2022,2022-09-02
INTU,Intuit Inc,2022-05-23,Q3,2022,2022-05-24
AAPL,Apple Inc.,2024-02-01,Q1,2024,2024-02-02
AAPL,Apple Inc.,2023-11-02,FY,2023,2023-11-03
AAPL,Apple Inc.,2023-08-03,Q3,2023,2023-08-04
AAPL,Apple Inc.,2023-05-04,Q2,2023,2023-05-05
AAPL,Apple Inc.,2023-02-02,Q1,2023,2023-02-03
AAPL,Apple Inc.,2022-10-27,FY,2022,2022-10-28
AAPL,Apple Inc.,2022-07-28,Q3,2022,2022-07-29
AAPL,Apple Inc.,2022-04-28,Q2,2022,2022-04-29
GWW,"W.W. Grainger, Inc.",2024-02-21,FY,2023,2024-02-22
GWW,"W.W. Grainger, Inc.",2023-10-25,Q3,2023,2023-10-26
GWW,"W.W. Grainger, Inc.",2023-07-26,Q2,2023,2023-07-27
GWW,"W.W. Grainger, Inc.",2023-04-26,Q1,2023,2023-04-27
GWW,"W.W. Grainger, Inc.",2023-02-20,FY,2022,2023-02-21
GWW,"W.W. Grainger, Inc.",2022-10-27,Q3,2022,2022-10-28
GWW,"W.W. Grainger, Inc.",2022-07-28,Q2,2022,2022-07-29
GWW,"W.W. Grainger, Inc.",2022-04-27,Q1,2022,2022-04-28
ADBE,Adobe Inc.,2024-03-26,Q1,2024,2024-03-27
ADBE,Adobe Inc.,2024-01-16,FY,2023,2024-01-17
ADBE,Adobe Inc.,2023-09-26,Q3,2023,2023-09-27
ADBE,Adobe Inc.,2023-06-27,Q2,2023,2023-06-28
ADBE,Adobe Inc.,2023-03-28,Q1,2023,2023-03-29
ADBE,Adobe Inc.,2023-01-16,FY,2022,2023-01-17
ADBE,Adobe Inc.,2022-09-27,Q3,2022,2022-09-28
ADBE,Adobe Inc.,2022-06-28,Q2,2022,2022-06-29
BBY,"Best Buy Company, Inc.",2024-03-14,FY,2024,2024-03-15
BBY,"Best Buy Company, Inc.",2023-11-30,Q3,2024,2023-12-01
BBY,"Best Buy Company, Inc.",2023-08-31,Q2,2024,2023-09-01
BBY,"Best Buy Company, Inc.",2023-06-01,Q1,2024,2023-06-02
BBY,"Best Buy Company, Inc.",2023-03-16,FY,2023,2023-03-17
BBY,"Best Buy Company, Inc.",2022-12-05,Q3,2023,2022-12-06
BBY,"Best Buy Company, Inc.",2022-09-07,Q2,2023,2022-09-08
BBY,"Best Buy Company, Inc.",2022-06-01,Q1,2023,2022-06-02
SLB,Schlumberger Limited,2024-01-23,FY,2023,2024-01-24
SLB,Schlumberger Limited,2023-10-24,Q3,2023,2023-10-25
SLB,Schlumberger Limited,2023-07-25,Q2,2023,2023-07-26
SLB,Schlumberger Limited,2023-04-25,Q1,2023,2023-04-26
SLB,Schlumberger Limited,2023-01-24,FY,2022,2023-01-25
SLB,Schlumberger Limited,2022-10-25,Q3,2022,2022-10-26
SLB,Schlumberger Limited,2022-07-26,Q2,2022,2022-07-27
SLB,Schlumberger Limited,2022-04-26,Q1,2022,2022-04-27
PFE,Pfizer Inc.,2024-02-21,FY,2023,2024-02-22
PFE,Pfizer Inc.,2023-11-07,Q3,2023,2023-11-08
PFE,Pfizer Inc.,2023-08-08,Q2,2023,2023-08-09
PFE,Pfizer Inc.,2023-05-09,Q1,2023,2023-05-10
PFE,Pfizer Inc.,2023-02-22,FY,2022,2023-02-23
PFE,Pfizer Inc.,2022-11-08,Q3,2022,2022-11-09
PFE,Pfizer Inc.,2022-08-09,Q2,2022,2022-08-10
PFE,Pfizer Inc.,2022-05-10,Q1,2022,2022-05-11
CSCO,"Cisco Systems, Inc. Common Stock (DE)",2024-02-19,Q2,2024,2024-02-20
CSCO,"Cisco Systems, Inc. Common Stock (DE)",2023-11-20,Q1,2024,2023-11-21
CSCO,"Cisco Systems, Inc. Common Stock (DE)",2023-09-06,FY,2023,2023-09-07
CSCO,"Cisco Systems, Inc. Common Stock (DE)",2023-05-23,Q3,2023,2023-05-24
CSCO,"Cisco Systems, Inc. Common Stock (DE)",2023-02-20,Q2,2023,2023-02-21
CSCO,"Cisco Systems, Inc. Common Stock (DE)",2022-11-21,Q1,2023,2022-11-22
CSCO,"Cisco Systems, Inc. Common Stock (DE)",2022-09-07,FY,2022,2022-09-08
CSCO,"Cisco Systems, Inc. Common Stock (DE)",2022-05-24,Q3,2022,2022-05-25
UAL,"United Airlines Holdings, Inc. Common Stock",2024-02-28,FY,2023,2024-02-29
USO,"United States Oil Fund, LP",2024-02-28,FY,2023,2024-02-29
BNO,"United States Brent Oil Fund, LP",2024-02-28,FY,2023,2024-02-29
UNH,UNITEDHEALTH GROUP INCORPORATED (Delaware),2024-02-28,FY,2023,2024-02-29
UAL,"United Airlines Holdings, Inc. Common Stock",2023-11-06,Q3,2023,2023-11-07
USO,"United States Oil Fund, LP",2023-11-06,Q3,2023,2023-11-07
BNO,"United States Brent Oil Fund, LP",2023-11-06,Q3,2023,2023-11-07
UNH,UNITEDHEALTH GROUP INCORPORATED (Delaware),2023-11-06,Q3,2023,2023-11-07
UAL,"United Airlines Holdings, Inc. Common Stock",2023-08-03,Q2,2023,2023-08-04
USO,"United States Oil Fund, LP",2023-08-03,Q2,2023,2023-08-04
BNO,"United States Brent Oil Fund, LP",2023-08-03,Q2,2023,2023-08-04
UNH,UNITEDHEALTH GROUP INCORPORATED (Delaware),2023-08-03,Q2,2023,2023-08-04
UAL,"United Airlines Holdings, Inc. Common Stock",2023-05-07,Q1,2023,2023-05-08
USO,"United States Oil Fund, LP",2023-05-07,Q1,2023,2023-05-08
BNO,"United States Brent Oil Fund, LP",2023-05-07,Q1,2023,2023-05-08
UNH,UNITEDHEALTH GROUP INCORPORATED (Delaware),2023-05-07,Q1,2023,2023-05-08
UAL,"United Airlines Holdings, Inc. Common Stock",2023-02-26,FY,2022,2023-02-27
USO,"United States Oil Fund, LP",2023-02-26,FY,2022,2023-02-27
BNO,"United States Brent Oil Fund, LP",2023-02-26,FY,2022,2023-02-27
UNH,UNITEDHEALTH GROUP INCORPORATED (Delaware),2023-02-26,FY,2022,2023-02-27
UAL,"United Airlines Holdings, Inc. Common Stock",2022-11-06,Q3,2022,2022-11-07
USO,"United States Oil Fund, LP",2022-11-06,Q3,2022,2022-11-07
BNO,"United States Brent Oil Fund, LP",2022-11-06,Q3,2022,2022-11-07
UNH,UNITEDHEALTH GROUP INCORPORATED (Delaware),2022-11-06,Q3,2022,2022-11-07
UAL,"United Airlines Holdings, Inc. Common Stock",2022-08-04,Q2,2022,2022-08-05
USO,"United States Oil Fund, LP",2022-08-04,Q2,2022,2022-08-05
BNO,"United States Brent Oil Fund, LP",2022-08-04,Q2,2022,2022-08-05
UNH,UNITEDHEALTH GROUP INCORPORATED (Delaware),2022-08-04,Q2,2022,2022-08-05
UAL,"United Airlines Holdings, Inc. Common Stock",2022-05-05,Q1,2022,2022-05-06
USO,"United States Oil Fund, LP",2022-05-05,Q1,2022,2022-05-06
BNO,"United States Brent Oil Fund, LP",2022-05-05,Q1,2022,2022-05-06
UNH,UNITEDHEALTH GROUP INCORPORATED (Delaware),2022-05-05,Q1,2022,2022-05-06
KAI,Kadant Inc.,2024-02-26,FY,2023,2024-02-27
KAI,Kadant Inc.,2023-11-07,Q3,2023,2023-11-08
KAI,Kadant Inc.,2023-08-08,Q2,2023,2023-08-09
KAI,Kadant Inc.,2023-05-09,Q1,2023,2023-05-10
KAI,Kadant Inc.,2023-02-27,FY,2022,2023-02-28
KAI,Kadant Inc.,2022-11-08,Q3,2022,2022-11-09
KAI,Kadant Inc.,2022-08-09,Q2,2022,2022-08-10
KAI,Kadant Inc.,2022-05-10,Q1,2022,2022-05-11
EXPD,"Expeditors International of Washington, Inc.",2024-02-22,FY,2023,2024-02-23
EXPD,"Expeditors International of Washington, Inc.",2023-11-07,Q3,2023,2023-11-08
EXPD,"Expeditors International of Washington, Inc.",2023-08-07,Q2,2023,2023-08-08
EXPD,"Expeditors International of Washington, Inc.",2023-05-03,Q1,2023,2023-05-04
EXPD,"Expeditors International of Washington, Inc.",2023-02-28,FY,2022,2023-03-01
EXPD,"Expeditors International of Washington, Inc.",2022-11-07,Q3,2022,2022-11-08
EXPD,"Expeditors International of Washington, Inc.",2022-08-03,Q2,2022,2022-08-04
EXPD,"Expeditors International of Washington, Inc.",2022-05-08,Q1,2022,2022-05-09
T,AT&T Inc.,2024-02-22,FY,2023,2024-02-23
T,AT&T Inc.,2023-10-30,Q3,2023,2023-10-31
T,AT&T Inc.,2023-07-26,Q2,2023,2023-07-27
T,AT&T Inc.,2023-04-30,Q1,2023,2023-05-01
T,AT&T Inc.,2023-02-12,FY,2022,2023-02-13
T,AT&T Inc.,2022-11-02,Q3,2022,2022-11-03
T,AT&T Inc.,2022-08-03,Q2,2022,2022-08-04
T,AT&T Inc.,2022-05-02,Q1,2022,2022-05-03
TGT,Target Corporation,2024-03-12,FY,2024,2024-03-13
TGT,Target Corporation,2023-11-21,Q3,2024,2023-11-22
TGT,Target Corporation,2023-08-24,Q2,2024,2023-08-25
TGT,Target Corporation,2023-05-25,Q1,2024,2023-05-26
TGT,Target Corporation,2023-03-07,FY,2023,2023-03-08
TGT,Target Corporation,2022-11-22,Q3,2023,2022-11-23
TGT,Target Corporation,2022-08-25,Q2,2023,2022-08-26
TGT,Target Corporation,2022-05-26,Q1,2023,2022-05-27
MCK,McKesson Corporation,2024-02-07,Q3,2024,2024-02-08
MCK,McKesson Corporation,2023-11-01,Q2,2024,2023-11-02
MCK,McKesson Corporation,2023-08-01,Q1,2024,2023-08-02
MCK,McKesson Corporation,2023-05-08,FY,2023,2023-05-09
MCK,McKesson Corporation,2023-02-01,Q3,2023,2023-02-02
MCK,McKesson Corporation,2022-11-01,Q2,2023,2022-11-02
MCK,McKesson Corporation,2022-08-03,Q1,2023,2022-08-04
MCK,McKesson Corporation,2022-05-08,FY,2022,2022-05-09
LNG,Cheniere Energy Inc,2024-02-21,FY,2023,2024-02-22
LNG,Cheniere Energy Inc,2023-11-01,Q3,2023,2023-11-02
LNG,Cheniere Energy Inc,2023-08-02,Q2,2023,2023-08-03
LNG,Cheniere Energy Inc,2023-05-01,Q1,2023,2023-05-02
LNG,Cheniere Energy Inc,2023-02-22,FY,2022,2023-02-23
LNG,Cheniere Energy Inc,2022-11-02,Q3,2022,2022-11-03
LNG,Cheniere Energy Inc,2022-08-03,Q2,2022,2022-08-04
LNG,Cheniere Energy Inc,2022-05-03,Q1,2022,2022-05-04
COP,ConocoPhillips,2024-02-14,FY,2023,2024-02-15
COP,ConocoPhillips,2023-11-01,Q3,2023,2023-11-02
COP,ConocoPhillips,2023-08-02,Q2,2023,2023-08-03
COP,ConocoPhillips,2023-05-03,Q1,2023,2023-05-04
COP,ConocoPhillips,2023-02-15,FY,2022,2023-02-16
COP,ConocoPhillips,2022-11-02,Q3,2022,2022-11-03
COP,ConocoPhillips,2022-08-03,Q2,2022,2022-08-04
COP,ConocoPhillips,2022-05-04,Q1,2022,2022-05-05
MCRI,Monarch Casino & Resort Inc,2024-02-27,FY,2023,2024-02-28
MCRI,Monarch Casino & Resort Inc,2023-11-05,Q3,2023,2023-11-06
MCRI,Monarch Casino & Resort Inc,2023-08-06,Q2,2023,2023-08-07
MCRI,Monarch Casino & Resort Inc,2023-05-07,Q1,2023,2023-05-08
MCRI,Monarch Casino & Resort Inc,2023-02-27,FY,2022,2023-02-28
MCRI,Monarch Casino & Resort Inc,2022-11-03,Q3,2022,2022-11-04
MCRI,Monarch Casino & Resort Inc,2022-08-04,Q2,2022,2022-08-05
MCRI,Monarch Casino & Resort Inc,2022-05-05,Q1,2022,2022-05-06
GGG,Graco Inc,2024-02-19,FY,2023,2024-02-20
GGG,Graco Inc,2023-10-24,Q3,2023,2023-10-25
GGG,Graco Inc,2023-07-25,Q2,2023,2023-07-26
GGG,Graco Inc,2023-04-25,Q1,2023,2023-04-26
GGG,Graco Inc,2023-02-20,FY,2022,2023-02-21
GGG,Graco Inc,2022-10-25,Q3,2022,2022-10-26
GGG,Graco Inc,2022-07-26,Q2,2022,2022-07-27
GGG,Graco Inc,2022-04-26,Q1,2022,2022-04-27
UAL,"United Airlines Holdings, Inc. Common Stock",2024-02-28,FY,2023,2024-02-29
USO,"United States Oil Fund, LP",2024-02-28,FY,2023,2024-02-29
BNO,"United States Brent Oil Fund, LP",2024-02-28,FY,2023,2024-02-29
UNH,UNITEDHEALTH GROUP INCORPORATED (Delaware),2024-02-28,FY,2023,2024-02-29
UAL,"United Airlines Holdings, Inc. Common Stock",2023-11-06,Q3,2023,2023-11-07
USO,"United States Oil Fund, LP",2023-11-06,Q3,2023,2023-11-07
BNO,"United States Brent Oil Fund, LP",2023-11-06,Q3,2023,2023-11-07
UNH,UNITEDHEALTH GROUP INCORPORATED (Delaware),2023-11-06,Q3,2023,2023-11-07
UAL,"United Airlines Holdings, Inc. Common Stock",2023-08-03,Q2,2023,2023-08-04
USO,"United States Oil Fund, LP",2023-08-03,Q2,2023,2023-08-04
BNO,"United States Brent Oil Fund, LP",2023-08-03,Q2,2023,2023-08-04
UNH,UNITEDHEALTH GROUP INCORPORATED (Delaware),2023-08-03,Q2,2023,2023-08-04
UAL,"United Airlines Holdings, Inc. Common Stock",2023-05-07,Q1,2023,2023-05-08
USO,"United States Oil Fund, LP",2023-05-07,Q1,2023,2023-05-08
BNO,"United States Brent Oil Fund, LP",2023-05-07,Q1,2023,2023-05-08
UNH,UNITEDHEALTH GROUP INCORPORATED (Delaware),2023-05-07,Q1,2023,2023-05-08
UAL,"United Airlines Holdings, Inc. Common Stock",2023-02-26,FY,2022,2023-02-27
USO,"United States Oil Fund, LP",2023-02-26,FY,2022,2023-02-27
BNO,"United States Brent Oil Fund, LP",2023-02-26,FY,2022,2023-02-27
UNH,UNITEDHEALTH GROUP INCORPORATED (Delaware),2023-02-26,FY,2022,2023-02-27
UAL,"United Airlines Holdings, Inc. Common Stock",2022-11-06,Q3,2022,2022-11-07
USO,"United States Oil Fund, LP",2022-11-06,Q3,2022,2022-11-07
BNO,"United States Brent Oil Fund, LP",2022-11-06,Q3,2022,2022-11-07
UNH,UNITEDHEALTH GROUP INCORPORATED (Delaware),2022-11-06,Q3,2022,2022-11-07
UAL,"United Airlines Holdings, Inc. Common Stock",2022-08-04,Q2,2022,2022-08-05
USO,"United States Oil Fund, LP",2022-08-04,Q2,2022,2022-08-05
BNO,"United States Brent Oil Fund, LP",2022-08-04,Q2,2022,2022-08-05
UNH,UNITEDHEALTH GROUP INCORPORATED (Delaware),2022-08-04,Q2,2022,2022-08-05
UAL,"United Airlines Holdings, Inc. Common Stock",2022-05-05,Q1,2022,2022-05-06
USO,"United States Oil Fund, LP",2022-05-05,Q1,2022,2022-05-06
BNO,"United States Brent Oil Fund, LP",2022-05-05,Q1,2022,2022-05-06
UNH,UNITEDHEALTH GROUP INCORPORATED (Delaware),2022-05-05,Q1,2022,2022-05-06
GILD,Gilead Sciences Inc,2024-02-22,FY,2023,2024-02-23
GILD,Gilead Sciences Inc,2023-11-06,Q3,2023,2023-11-07
GILD,Gilead Sciences Inc,2023-08-03,Q2,2023,2023-08-04
GILD,Gilead Sciences Inc,2023-05-02,Q1,2023,2023-05-03
GILD,Gilead Sciences Inc,2023-02-21,FY,2022,2023-02-22
GILD,Gilead Sciences Inc,2022-11-01,Q3,2022,2022-11-02
GILD,Gilead Sciences Inc,2022-08-07,Q2,2022,2022-08-08
GILD,Gilead Sciences Inc,2022-05-03,Q1,2022,2022-05-04
ABBV,ABBVIE INC.,2024-02-19,FY,2023,2024-02-20
ABBV,ABBVIE INC.,2023-11-05,Q3,2023,2023-11-06
ABBV,ABBVIE INC.,2023-08-06,Q2,2023,2023-08-07
ABBV,ABBVIE INC.,2023-05-04,Q1,2023,2023-05-05
ABBV,ABBVIE INC.,2023-02-16,FY,2022,2023-02-17
ABBV,ABBVIE INC.,2022-11-03,Q3,2022,2022-11-04
ABBV,ABBVIE INC.,2022-08-03,Q2,2022,2022-08-04
ABBV,ABBVIE INC.,2022-05-05,Q1,2022,2022-05-06
HPQ,HP Inc.,2024-02-27,Q1,2024,2024-02-28
HPQ,HP Inc.,2023-12-17,FY,2023,2023-12-18
HPQ,HP Inc.,2023-09-10,Q3,2023,2023-09-11
HPQ,HP Inc.,2023-05-30,Q2,2023,2023-05-31
HPQ,HP Inc.,2023-02-28,Q1,2023,2023-03-01
HPQ,HP Inc.,2022-12-05,FY,2022,2022-12-06
HPQ,HP Inc.,2022-09-01,Q3,2022,2022-09-02
HPQ,HP Inc.,2022-06-02,Q2,2022,2022-06-03
HD,"Home Depot, Inc.",2024-03-12,FY,2024,2024-03-13
HD,"Home Depot, Inc.",2023-11-20,Q3,2024,2023-11-21
HD,"Home Depot, Inc.",2023-08-21,Q2,2024,2023-08-22
HD,"Home Depot, Inc.",2023-05-22,Q1,2024,2023-05-23
HD,"Home Depot, Inc.",2023-03-14,FY,2023,2023-03-15
HD,"Home Depot, Inc.",2022-11-21,Q3,2023,2022-11-22
HD,"Home Depot, Inc.",2022-05-23,Q1,2023,2022-05-24
VZ,Verizon Communications,2024-02-08,FY,2023,2024-02-09
VZ,Verizon Communications,2023-10-25,Q3,2023,2023-10-26
VZ,Verizon Communications,2023-07-27,Q2,2023,2023-07-28
VZ,Verizon Communications,2023-04-26,Q1,2023,2023-04-27
VZ,Verizon Communications,2023-02-09,FY,2022,2023-02-10
VZ,Verizon Communications,2022-10-24,Q3,2022,2022-10-25
VZ,Verizon Communications,2022-07-27,Q2,2022,2022-07-28
VZ,Verizon Communications,2022-04-26,Q1,2022,2022-04-27
C,Citigroup Inc.,2024-02-22,FY,2023,2024-02-23
C,Citigroup Inc.,2023-11-02,Q3,2023,2023-11-03
C,Citigroup Inc.,2023-08-03,Q2,2023,2023-08-04
C,Citigroup Inc.,2023-05-04,Q1,2023,2023-05-05
C,Citigroup Inc.,2023-02-26,FY,2022,2023-02-27
C,Citigroup Inc.,2022-11-03,Q3,2022,2022-11-04
C,Citigroup Inc.,2022-08-03,Q2,2022,2022-08-04
C,Citigroup Inc.,2022-05-08,Q1,2022,2022-05-09
J,Jacobs Solutions Inc.,2024-02-05,Q1,2024,2024-02-06
J,Jacobs Solutions Inc.,2023-11-20,FY,2023,2023-11-21
J,Jacobs Solutions Inc.,2023-08-07,Q3,2023,2023-08-08
J,Jacobs Solutions Inc.,2023-05-08,Q2,2023,2023-05-09
J,Jacobs Solutions Inc.,2023-02-06,Q1,2023,2023-02-07
J,Jacobs Solutions Inc.,2022-11-20,FY,2022,2022-11-21
J,Jacobs Solutions Inc.,2022-07-31,Q3,2022,2022-08-01
J,Jacobs Solutions Inc.,2022-05-02,Q2,2022,2022-05-03
MA,Mastercard Incorporated,2024-02-12,FY,2023,2024-02-13
MA,Mastercard Incorporated,2023-10-25,Q3,2023,2023-10-26
MA,Mastercard Incorporated,2023-07-26,Q2,2023,2023-07-27
MA,Mastercard Incorporated,2023-04-26,Q1,2023,2023-04-27
MA,Mastercard Incorporated,2023-02-13,FY,2022,2023-02-14
MA,Mastercard Incorporated,2022-10-26,Q3,2022,2022-10-27
MA,Mastercard Incorporated,2022-07-27,Q2,2022,2022-07-28
MA,Mastercard Incorporated,2022-04-27,Q1,2022,2022-04-28
NTAP,"NetApp, Inc",2024-02-28,Q3,2024,2024-02-29
NTAP,"NetApp, Inc",2023-11-29,Q2,2024,2023-11-30
NTAP,"NetApp, Inc",2023-08-28,Q1,2024,2023-08-29
NTAP,"NetApp, Inc",2023-06-13,FY,2023,2023-06-14
NTAP,"NetApp, Inc",2023-02-28,Q3,2023,2023-03-01
NTAP,"NetApp, Inc",2022-11-30,Q2,2023,2022-12-01
NTAP,"NetApp, Inc",2022-08-29,Q1,2023,2022-08-30
NTAP,"NetApp, Inc",2022-06-15,FY,2022,2022-06-16
XOM,Exxon Mobil Corporation,2024-02-27,FY,2023,2024-02-28
XOM,Exxon Mobil Corporation,2023-10-30,Q3,2023,2023-10-31
XOM,Exxon Mobil Corporation,2023-07-31,Q2,2023,2023-08-01
XOM,Exxon Mobil Corporation,2023-05-01,Q1,2023,2023-05-02
XOM,Exxon Mobil Corporation,2023-02-21,FY,2022,2023-02-22
XOM,Exxon Mobil Corporation,2022-11-01,Q3,2022,2022-11-02
XOM,Exxon Mobil Corporation,2022-08-02,Q2,2022,2022-08-03
XOM,Exxon Mobil Corporation,2022-05-03,Q1,2022,2022-05-04
BAC,Bank of America Corporation,2024-02-19,FY,2023,2024-02-20
BAC,Bank of America Corporation,2023-10-30,Q3,2023,2023-10-31
BAC,Bank of America Corporation,2023-07-30,Q2,2023,2023-07-31
BAC,Bank of America Corporation,2023-04-30,Q1,2023,2023-05-01
BAC,Bank of America Corporation,2023-02-21,FY,2022,2023-02-22
BAC,Bank of America Corporation,2022-10-27,Q3,2022,2022-10-28
BAC,Bank of America Corporation,2022-07-28,Q2,2022,2022-07-29
BAC,Bank of America Corporation,2022-04-28,Q1,2022,2022-04-29
WMT,Walmart Inc.,2024-03-14,FY,2024,2024-03-15
WMT,Walmart Inc.,2023-11-29,Q3,2024,2023-11-30
WMT,Walmart Inc.,2023-08-31,Q2,2024,2023-09-01
WMT,Walmart Inc.,2023-06-01,Q1,2024,2023-06-02
WMT,Walmart Inc.,2023-03-16,FY,2023,2023-03-17
WMT,Walmart Inc.,2022-11-30,Q3,2023,2022-12-01
WMT,Walmart Inc.,2022-09-01,Q2,2023,2022-09-02
WMT,Walmart Inc.,2022-06-02,Q1,2023,2022-06-03
SAIC,Science Applications International Corporation Common Stock,2024-03-19,FY,2024,2024-03-20
SAIC,Science Applications International Corporation Common Stock,2023-12-03,Q3,2024,2023-12-04
SAIC,Science Applications International Corporation Common Stock,2023-09-06,Q2,2024,2023-09-07
SAIC,Science Applications International Corporation Common Stock,2023-06-04,Q1,2024,2023-06-05
SAIC,Science Applications International Corporation Common Stock,2023-04-02,FY,2023,2023-04-03
SAIC,Science Applications International Corporation Common Stock,2022-12-04,Q3,2023,2022-12-05
SAIC,Science Applications International Corporation Common Stock,2022-08-31,Q2,2023,2022-09-01
SAIC,Science Applications International Corporation Common Stock,2022-06-05,Q1,2023,2022-06-06
MS,Morgan Stanley,2024-02-21,FY,2023,2024-02-22
MS,Morgan Stanley,2023-11-02,Q3,2023,2023-11-03
MS,Morgan Stanley,2023-08-02,Q2,2023,2023-08-03
MS,Morgan Stanley,2023-05-01,Q1,2023,2023-05-02
MS,Morgan Stanley,2023-02-23,FY,2022,2023-02-24
MS,Morgan Stanley,2022-11-02,Q3,2022,2022-11-03
MS,Morgan Stanley,2022-08-04,Q2,2022,2022-08-05
MS,Morgan Stanley,2022-05-03,Q1,2022,2022-05-04
CVX,Chevron Corporation,2024-02-25,FY,2023,2024-02-26
CVX,Chevron Corporation,2023-11-01,Q3,2023,2023-11-02
CVX,Chevron Corporation,2023-08-02,Q2,2023,2023-08-03
CVX,Chevron Corporation,2023-05-03,Q1,2023,2023-05-04
CVX,Chevron Corporation,2023-02-22,FY,2022,2023-02-23
CVX,Chevron Corporation,2022-11-02,Q3,2022,2022-11-03
CVX,Chevron Corporation,2022-08-03,Q2,2022,2022-08-04
CVX,Chevron Corporation,2022-05-03,Q1,2022,2022-05-04
V,VISA Inc.,2024-01-25,Q1,2024,2024-01-26
V,VISA Inc.,2023-11-14,FY,2023,2023-11-15
V,VISA Inc.,2023-07-25,Q3,2023,2023-07-26
V,VISA Inc.,2023-04-26,Q2,2023,2023-04-27
V,VISA Inc.,2023-01-26,Q1,2023,2023-01-27
V,VISA Inc.,2022-11-15,FY,2022,2022-11-16
V,VISA Inc.,2022-07-27,Q3,2022,2022-07-28
V,VISA Inc.,2022-04-27,Q2,2022,2022-04-28
MRK,"Merck & Co., Inc.",2024-02-25,FY,2023,2024-02-26
MRK,"Merck & Co., Inc.",2023-11-02,Q3,2023,2023-11-03
MRK,"Merck & Co., Inc.",2023-08-06,Q2,2023,2023-08-07
MRK,"Merck & Co., Inc.",2023-05-04,Q1,2023,2023-05-05
MRK,"Merck & Co., Inc.",2023-02-23,FY,2022,2023-02-24
MRK,"Merck & Co., Inc.",2022-11-02,Q3,2022,2022-11-03
MRK,"Merck & Co., Inc.",2022-08-04,Q2,2022,2022-08-05
FDX,FedEx Corporation,2024-03-20,Q3,2024,2024-03-21
FDX,FedEx Corporation,2023-12-18,Q2,2024,2023-12-19
FDX,FedEx Corporation,2023-09-19,Q1,2024,2023-09-20
FDX,FedEx Corporation,2023-07-16,FY,2023,2023-07-17
FDX,FedEx Corporation,2023-03-15,Q3,2023,2023-03-16
FDX,FedEx Corporation,2022-12-19,Q2,2023,2022-12-20
FDX,FedEx Corporation,2022-09-21,Q1,2023,2022-09-22
FDX,FedEx Corporation,2022-07-17,FY,2022,2022-07-18
GD,General Dynamics Corporation,2024-02-07,FY,2023,2024-02-08
GD,General Dynamics Corporation,2023-10-24,Q3,2023,2023-10-25
GD,General Dynamics Corporation,2023-07-25,Q2,2023,2023-07-26
GD,General Dynamics Corporation,2023-04-25,Q1,2023,2023-04-26
GD,General Dynamics Corporation,2023-02-06,FY,2022,2023-02-07
GD,General Dynamics Corporation,2022-10-25,Q3,2022,2022-10-26
GD,General Dynamics Corporation,2022-07-26,Q2,2022,2022-07-27
GD,General Dynamics Corporation,2022-04-26,Q1,2022,2022-04-27
LIN,Linde plc Ordinary Share,2024-02-27,FY,2023,2024-02-28
LIN,Linde plc Ordinary Share,2023-10-25,Q3,2023,2023-10-26
LIN,Linde plc Ordinary Share,2023-07-26,Q2,2023,2023-07-27
LIN,Linde plc Ordinary Share,2023-04-26,Q1,2023,2023-04-27
LIN,Linde plc Ordinary Share,2023-02-27,FY,2022,2023-02-28
LIN,Linde plc Ordinary Share,2022-10-26,Q3,2022,2022-10-27
LIN,Linde plc Ordinary Share,2022-07-27,Q2,2022,2022-07-28
LIN,Linde plc Ordinary Share,2022-05-01,Q1,2022,2022-05-02
EXC,Exelon Corporation,2024-02-20,FY,2023,2024-02-21
EXC,Exelon Corporation,2023-11-01,Q3,2023,2023-11-02
EXC,Exelon Corporation,2023-08-01,Q2,2023,2023-08-02
EXC,Exelon Corporation,2023-05-02,Q1,2023,2023-05-03
EXC,Exelon Corporation,2023-02-13,FY,2022,2023-02-14
EXC,Exelon Corporation,2022-11-02,Q3,2022,2022-11-03
EXC,Exelon Corporation,2022-08-02,Q2,2022,2022-08-03
EXC,Exelon Corporation,2022-05-08,Q1,2022,2022-05-09
TMUS,"T-Mobile US, Inc.",2024-02-01,FY,2023,2024-02-02
TMUS,"T-Mobile US, Inc.",2023-10-24,Q3,2023,2023-10-25
TMUS,"T-Mobile US, Inc.",2023-07-26,Q2,2023,2023-07-27
TMUS,"T-Mobile US, Inc.",2023-04-26,Q1,2023,2023-04-27
TMUS,"T-Mobile US, Inc.",2023-02-13,FY,2022,2023-02-14
TMUS,"T-Mobile US, Inc.",2022-10-26,Q3,2022,2022-10-27
TMUS,"T-Mobile US, Inc.",2022-07-28,Q2,2022,2022-07-29
TMUS,"T-Mobile US, Inc.",2022-05-05,Q1,2022,2022-05-06
COST,Costco Wholesale Corp,2024-03-12,Q2,2024,2024-03-13
COST,Costco Wholesale Corp,2023-12-19,Q1,2024,2023-12-20
COST,Costco Wholesale Corp,2023-10-10,FY,2023,2023-10-11
COST,Costco Wholesale Corp,2023-05-31,Q3,2023,2023-06-01
COST,Costco Wholesale Corp,2023-03-08,Q2,2023,2023-03-09
COST,Costco Wholesale Corp,2022-12-28,Q1,2023,2022-12-29
COST,Costco Wholesale Corp,2022-10-04,FY,2022,2022-10-05
COST,Costco Wholesale Corp,2022-06-01,Q3,2022,2022-06-02
MO,"Altria Group, Inc.",2024-02-26,FY,2023,2024-02-27
MO,"Altria Group, Inc.",2023-10-25,Q3,2023,2023-10-26
MO,"Altria Group, Inc.",2023-07-31,Q2,2023,2023-08-01
MO,"Altria Group, Inc.",2023-04-26,Q1,2023,2023-04-27
MO,"Altria Group, Inc.",2023-02-26,FY,2022,2023-02-27
MO,"Altria Group, Inc.",2022-10-26,Q3,2022,2022-10-27
MO,"Altria Group, Inc.",2022-07-27,Q2,2022,2022-07-28
MO,"Altria Group, Inc.",2022-04-27,Q1,2022,2022-04-28
SNA,Snap-on Incorporated,2024-04-17,Q1,2024,2024-04-18
SNA,Snap-on Incorporated,2024-02-15,FY,2023,2024-02-16
SNA,Snap-on Incorporated,2023-10-18,Q3,2023,2023-10-19
SNA,Snap-on Incorporated,2023-07-19,Q2,2023,2023-07-20
SNA,Snap-on Incorporated,2023-04-19,Q1,2023,2023-04-20
SNA,Snap-on Incorporated,2023-02-08,FY,2022,2023-02-09
SNA,Snap-on Incorporated,2022-10-19,Q3,2022,2022-10-20
SNA,Snap-on Incorporated,2022-07-20,Q2,2022,2022-07-21
SNA,Snap-on Incorporated,2022-04-20,Q1,2022,2022-04-21
MCD,McDonald's Corporation,2024-02-21,FY,2023,2024-02-22
MCD,McDonald's Corporation,2023-11-01,Q3,2023,2023-11-02
MCD,McDonald's Corporation,2023-08-01,Q2,2023,2023-08-02
MCD,McDonald's Corporation,2023-05-03,Q1,2023,2023-05-04
MCD,McDonald's Corporation,2023-02-23,FY,2022,2023-02-24
MCD,McDonald's Corporation,2022-11-06,Q3,2022,2022-11-07
MCD,McDonald's Corporation,2022-08-03,Q2,2022,2022-08-04
MCD,McDonald's Corporation,2022-05-01,Q1,2022,2022-05-02
JPM,JPMorgan Chase & Co.,2024-02-15,FY,2023,2024-02-16
JPM,JPMorgan Chase & Co.,2023-10-31,Q3,2023,2023-11-01
JPM,JPMorgan Chase & Co.,2023-08-02,Q2,2023,2023-08-03
JPM,JPMorgan Chase & Co.,2023-05-02,Q1,2023,2023-05-03
JPM,JPMorgan Chase & Co.,2023-02-20,FY,2022,2023-02-21
JPM,JPMorgan Chase & Co.,2022-11-02,Q3,2022,2022-11-03
JPM,JPMorgan Chase & Co.,2022-08-02,Q2,2022,2022-08-03
JPM,JPMorgan Chase & Co.,2022-05-02,Q1,2022,2022-05-03
UAL,"United Airlines Holdings, Inc. Common Stock",2024-02-27,FY,2023,2024-02-28
USO,"United States Oil Fund, LP",2024-02-27,FY,2023,2024-02-28
BNO,"United States Brent Oil Fund, LP",2024-02-27,FY,2023,2024-02-28
UNH,UNITEDHEALTH GROUP INCORPORATED (Delaware),2024-02-27,FY,2023,2024-02-28
UAL,"United Airlines Holdings, Inc. Common Stock",2023-11-05,Q3,2023,2023-11-06
USO,"United States Oil Fund, LP",2023-11-05,Q3,2023,2023-11-06
BNO,"United States Brent Oil Fund, LP",2023-11-05,Q3,2023,2023-11-06
UNH,UNITEDHEALTH GROUP INCORPORATED (Delaware),2023-11-05,Q3,2023,2023-11-06
UAL,"United Airlines Holdings, Inc. Common Stock",2023-08-01,Q2,2023,2023-08-02
USO,"United States Oil Fund, LP",2023-08-01,Q2,2023,2023-08-02
BNO,"United States Brent Oil Fund, LP",2023-08-01,Q2,2023,2023-08-02
UNH,UNITEDHEALTH GROUP INCORPORATED (Delaware),2023-08-01,Q2,2023,2023-08-02
UAL,"United Airlines Holdings, Inc. Common Stock",2023-05-02,Q1,2023,2023-05-03
USO,"United States Oil Fund, LP",2023-05-02,Q1,2023,2023-05-03
BNO,"United States Brent Oil Fund, LP",2023-05-02,Q1,2023,2023-05-03
UNH,UNITEDHEALTH GROUP INCORPORATED (Delaware),2023-05-02,Q1,2023,2023-05-03
UAL,"United Airlines Holdings, Inc. Common Stock",2023-02-23,FY,2022,2023-02-24
USO,"United States Oil Fund, LP",2023-02-23,FY,2022,2023-02-24
BNO,"United States Brent Oil Fund, LP",2023-02-23,FY,2022,2023-02-24
UNH,UNITEDHEALTH GROUP INCORPORATED (Delaware),2023-02-23,FY,2022,2023-02-24
UAL,"United Airlines Holdings, Inc. Common Stock",2022-11-01,Q3,2022,2022-11-02
USO,"United States Oil Fund, LP",2022-11-01,Q3,2022,2022-11-02
BNO,"United States Brent Oil Fund, LP",2022-11-01,Q3,2022,2022-11-02
UNH,UNITEDHEALTH GROUP INCORPORATED (Delaware),2022-11-01,Q3,2022,2022-11-02
UAL,"United Airlines Holdings, Inc. Common Stock",2022-08-02,Q2,2022,2022-08-03
USO,"United States Oil Fund, LP",2022-08-02,Q2,2022,2022-08-03
BNO,"United States Brent Oil Fund, LP",2022-08-02,Q2,2022,2022-08-03
UNH,UNITEDHEALTH GROUP INCORPORATED (Delaware),2022-08-02,Q2,2022,2022-08-03
UAL,"United Airlines Holdings, Inc. Common Stock",2022-05-03,Q1,2022,2022-05-04
USO,"United States Oil Fund, LP",2022-05-03,Q1,2022,2022-05-04
BNO,"United States Brent Oil Fund, LP",2022-05-03,Q1,2022,2022-05-04
UNH,UNITEDHEALTH GROUP INCORPORATED (Delaware),2022-05-03,Q1,2022,2022-05-04
RSG,Republic Services Inc.,2024-02-28,FY,2023,2024-02-29
RSG,Republic Services Inc.,2023-07-31,Q2,2023,2023-08-01
RSG,Republic Services Inc.,2023-04-27,Q1,2023,2023-04-28
RSG,Republic Services Inc.,2023-02-22,FY,2022,2023-02-23
RSG,Republic Services Inc.,2022-10-27,Q3,2022,2022-10-28
RSG,Republic Services Inc.,2022-08-04,Q2,2022,2022-08-05
RSG,Republic Services Inc.,2022-05-05,Q1,2022,2022-05-06
PEP,"PepsiCo, Inc.",2024-02-08,FY,2023,2024-02-09
PEP,"PepsiCo, Inc.",2023-10-09,Q3,2023,2023-10-10
PEP,"PepsiCo, Inc.",2023-07-12,Q2,2023,2023-07-13
PEP,"PepsiCo, Inc.",2023-04-24,Q1,2023,2023-04-25
PEP,"PepsiCo, Inc.",2023-02-08,FY,2022,2023-02-09
PEP,"PepsiCo, Inc.",2022-10-11,Q3,2022,2022-10-12
PEP,"PepsiCo, Inc.",2022-07-11,Q2,2022,2022-07-12
PEP,"PepsiCo, Inc.",2022-04-25,Q1,2022,2022-04-26
SLV,iShares Silver Trust,2024-02-19,FY,2023,2024-02-20
EZA,iShares MSCI South Africa ETF,2024-02-19,FY,2023,2024-02-20
EWY,iShares MSCI South Korea ETF,2024-02-19,FY,2023,2024-02-20
IJR,iShares Core S&P Small-Cap ETF,2024-02-19,FY,2023,2024-02-20
IBB,iShares Biotechnology ETF,2024-02-19,FY,2023,2024-02-20
EWQ,iShares MSCI France ETF,2024-02-19,FY,2023,2024-02-20
EWG,iShares MSCI Germany ETF,2024-02-19,FY,2023,2024-02-20
IAU,iShares Gold Trust,2024-02-19,FY,2023,2024-02-20
EFA,iShares MSCI EAFE ETF,2024-02-19,FY,2023,2024-02-20
TLT,iShares 20+ Year Treasury Bond ETF,2024-02-19,FY,2023,2024-02-20
SLV,iShares Silver Trust,2023-11-02,Q3,2023,2023-11-03
EZA,iShares MSCI South Africa ETF,2023-11-02,Q3,2023,2023-11-03
EWY,iShares MSCI South Korea ETF,2023-11-02,Q3,2023,2023-11-03
IJR,iShares Core S&P Small-Cap ETF,2023-11-02,Q3,2023,2023-11-03
IBB,iShares Biotechnology ETF,2023-11-02,Q3,2023,2023-11-03
EWQ,iShares MSCI France ETF,2023-11-02,Q3,2023,2023-11-03
EWG,iShares MSCI Germany ETF,2023-11-02,Q3,2023,2023-11-03
IAU,iShares Gold Trust,2023-11-02,Q3,2023,2023-11-03
EFA,iShares MSCI EAFE ETF,2023-11-02,Q3,2023,2023-11-03
TLT,iShares 20+ Year Treasury Bond ETF,2023-11-02,Q3,2023,2023-11-03
SLV,iShares Silver Trust,2023-08-03,Q2,2023,2023-08-04
EZA,iShares MSCI South Africa ETF,2023-08-03,Q2,2023,2023-08-04
EWY,iShares MSCI South Korea ETF,2023-08-03,Q2,2023,2023-08-04
IJR,iShares Core S&P Small-Cap ETF,2023-08-03,Q2,2023,2023-08-04
IBB,iShares Biotechnology ETF,2023-08-03,Q2,2023,2023-08-04
EWQ,iShares MSCI France ETF,2023-08-03,Q2,2023,2023-08-04
EWG,iShares MSCI Germany ETF,2023-08-03,Q2,2023,2023-08-04
IAU,iShares Gold Trust,2023-08-03,Q2,2023,2023-08-04
EFA,iShares MSCI EAFE ETF,2023-08-03,Q2,2023,2023-08-04
TLT,iShares 20+ Year Treasury Bond ETF,2023-08-03,Q2,2023,2023-08-04
SLV,iShares Silver Trust,2023-05-04,Q1,2023,2023-05-05
EZA,iShares MSCI South Africa ETF,2023-05-04,Q1,2023,2023-05-05
EWY,iShares MSCI South Korea ETF,2023-05-04,Q1,2023,2023-05-05
IJR,iShares Core S&P Small-Cap ETF,2023-05-04,Q1,2023,2023-05-05
IBB,iShares Biotechnology ETF,2023-05-04,Q1,2023,2023-05-05
EWQ,iShares MSCI France ETF,2023-05-04,Q1,2023,2023-05-05
EWG,iShares MSCI Germany ETF,2023-05-04,Q1,2023,2023-05-05
IAU,iShares Gold Trust,2023-05-04,Q1,2023,2023-05-05
EFA,iShares MSCI EAFE ETF,2023-05-04,Q1,2023,2023-05-05
TLT,iShares 20+ Year Treasury Bond ETF,2023-05-04,Q1,2023,2023-05-05
SLV,iShares Silver Trust,2023-02-22,FY,2022,2023-02-23
EZA,iShares MSCI South Africa ETF,2023-02-22,FY,2022,2023-02-23
EWY,iShares MSCI South Korea ETF,2023-02-22,FY,2022,2023-02-23
IJR,iShares Core S&P Small-Cap ETF,2023-02-22,FY,2022,2023-02-23
IBB,iShares Biotechnology ETF,2023-02-22,FY,2022,2023-02-23
EWQ,iShares MSCI France ETF,2023-02-22,FY,2022,2023-02-23
EWG,iShares MSCI Germany ETF,2023-02-22,FY,2022,2023-02-23
IAU,iShares Gold Trust,2023-02-22,FY,2022,2023-02-23
EFA,iShares MSCI EAFE ETF,2023-02-22,FY,2022,2023-02-23
TLT,iShares 20+ Year Treasury Bond ETF,2023-02-22,FY,2022,2023-02-23
SLV,iShares Silver Trust,2022-10-31,Q3,2022,2022-11-01
EZA,iShares MSCI South Africa ETF,2022-10-31,Q3,2022,2022-11-01
EWY,iShares MSCI South Korea ETF,2022-10-31,Q3,2022,2022-11-01
IJR,iShares Core S&P Small-Cap ETF,2022-10-31,Q3,2022,2022-11-01
IBB,iShares Biotechnology ETF,2022-10-31,Q3,2022,2022-11-01
EWQ,iShares MSCI France ETF,2022-10-31,Q3,2022,2022-11-01
EWG,iShares MSCI Germany ETF,2022-10-31,Q3,2022,2022-11-01
IAU,iShares Gold Trust,2022-10-31,Q3,2022,2022-11-01
EFA,iShares MSCI EAFE ETF,2022-10-31,Q3,2022,2022-11-01
TLT,iShares 20+ Year Treasury Bond ETF,2022-10-31,Q3,2022,2022-11-01
SLV,iShares Silver Trust,2022-08-03,Q2,2022,2022-08-04
EZA,iShares MSCI South Africa ETF,2022-08-03,Q2,2022,2022-08-04
EWY,iShares MSCI South Korea ETF,2022-08-03,Q2,2022,2022-08-04
IJR,iShares Core S&P Small-Cap ETF,2022-08-03,Q2,2022,2022-08-04
IBB,iShares Biotechnology ETF,2022-08-03,Q2,2022,2022-08-04
EWQ,iShares MSCI France ETF,2022-08-03,Q2,2022,2022-08-04
EWG,iShares MSCI Germany ETF,2022-08-03,Q2,2022,2022-08-04
IAU,iShares Gold Trust,2022-08-03,Q2,2022,2022-08-04
EFA,iShares MSCI EAFE ETF,2022-08-03,Q2,2022,2022-08-04
TLT,iShares 20+ Year Treasury Bond ETF,2022-08-03,Q2,2022,2022-08-04
SLV,iShares Silver Trust,2022-05-05,Q1,2022,2022-05-06
EZA,iShares MSCI South Africa ETF,2022-05-05,Q1,2022,2022-05-06
EWY,iShares MSCI South Korea ETF,2022-05-05,Q1,2022,2022-05-06
IJR,iShares Core S&P Small-Cap ETF,2022-05-05,Q1,2022,2022-05-06
IBB,iShares Biotechnology ETF,2022-05-05,Q1,2022,2022-05-06
EWQ,iShares MSCI France ETF,2022-05-05,Q1,2022,2022-05-06
EWG,iShares MSCI Germany ETF,2022-05-05,Q1,2022,2022-05-06
IAU,iShares Gold Trust,2022-05-05,Q1,2022,2022-05-06
EFA,iShares MSCI EAFE ETF,2022-05-05,Q1,2022,2022-05-06
TLT,iShares 20+ Year Treasury Bond ETF,2022-05-05,Q1,2022,2022-05-06
XBI,SPDR S&P Biotech ETF,2024-02-07,Q1,2024,2024-02-08
KRE,SPDR S&P Regional Banking ETF,2024-02-07,Q1,2024,2024-02-08
GXC,SPDR S&P China ETF,2024-02-07,Q1,2024,2024-02-08
XOP,SPDR S&P Oil & Gas Exploration & Production ETF,2024-02-07,Q1,2024,2024-02-08
FEZ,SPDR EURO STOXX 50 ETF,2024-02-07,Q1,2024,2024-02-08
GLD,"SPDR Gold Trust, SPDR Gold Shares",2024-02-07,Q1,2024,2024-02-08
SPY,SPDR S&P 500 ETF Trust,2024-02-07,Q1,2024,2024-02-08
XBI,SPDR S&P Biotech ETF,2023-11-21,FY,2023,2023-11-22
KRE,SPDR S&P Regional Banking ETF,2023-11-21,FY,2023,2023-11-22
GXC,SPDR S&P China ETF,2023-11-21,FY,2023,2023-11-22
XOP,SPDR S&P Oil & Gas Exploration & Production ETF,2023-11-21,FY,2023,2023-11-22
FEZ,SPDR EURO STOXX 50 ETF,2023-11-21,FY,2023,2023-11-22
GLD,"SPDR Gold Trust, SPDR Gold Shares",2023-11-21,FY,2023,2023-11-22
SPY,SPDR S&P 500 ETF Trust,2023-11-21,FY,2023,2023-11-22
XBI,SPDR S&P Biotech ETF,2023-08-06,Q3,2023,2023-08-07
KRE,SPDR S&P Regional Banking ETF,2023-08-06,Q3,2023,2023-08-07
GXC,SPDR S&P China ETF,2023-08-06,Q3,2023,2023-08-07
XOP,SPDR S&P Oil & Gas Exploration & Production ETF,2023-08-06,Q3,2023,2023-08-07
FEZ,SPDR EURO STOXX 50 ETF,2023-08-06,Q3,2023,2023-08-07
GLD,"SPDR Gold Trust, SPDR Gold Shares",2023-08-06,Q3,2023,2023-08-07
SPY,SPDR S&P 500 ETF Trust,2023-08-06,Q3,2023,2023-08-07
XBI,SPDR S&P Biotech ETF,2023-05-08,Q2,2023,2023-05-09
KRE,SPDR S&P Regional Banking ETF,2023-05-08,Q2,2023,2023-05-09
GXC,SPDR S&P China ETF,2023-05-08,Q2,2023,2023-05-09
XOP,SPDR S&P Oil & Gas Exploration & Production ETF,2023-05-08,Q2,2023,2023-05-09
FEZ,SPDR EURO STOXX 50 ETF,2023-05-08,Q2,2023,2023-05-09
GLD,"SPDR Gold Trust, SPDR Gold Shares",2023-05-08,Q2,2023,2023-05-09
SPY,SPDR S&P 500 ETF Trust,2023-05-08,Q2,2023,2023-05-09
XBI,SPDR S&P Biotech ETF,2023-02-08,Q1,2023,2023-02-09
KRE,SPDR S&P Regional Banking ETF,2023-02-08,Q1,2023,2023-02-09
GXC,SPDR S&P China ETF,2023-02-08,Q1,2023,2023-02-09
XOP,SPDR S&P Oil & Gas Exploration & Production ETF,2023-02-08,Q1,2023,2023-02-09
FEZ,SPDR EURO STOXX 50 ETF,2023-02-08,Q1,2023,2023-02-09
GLD,"SPDR Gold Trust, SPDR Gold Shares",2023-02-08,Q1,2023,2023-02-09
SPY,SPDR S&P 500 ETF Trust,2023-02-08,Q1,2023,2023-02-09
XBI,SPDR S&P Biotech ETF,2022-11-22,FY,2022,2022-11-23
KRE,SPDR S&P Regional Banking ETF,2022-11-22,FY,2022,2022-11-23
GXC,SPDR S&P China ETF,2022-11-22,FY,2022,2022-11-23
XOP,SPDR S&P Oil & Gas Exploration & Production ETF,2022-11-22,FY,2022,2022-11-23
FEZ,SPDR EURO STOXX 50 ETF,2022-11-22,FY,2022,2022-11-23
GLD,"SPDR Gold Trust, SPDR Gold Shares",2022-11-22,FY,2022,2022-11-23
SPY,SPDR S&P 500 ETF Trust,2022-11-22,FY,2022,2022-11-23
XBI,SPDR S&P Biotech ETF,2022-08-04,Q3,2022,2022-08-05
KRE,SPDR S&P Regional Banking ETF,2022-08-04,Q3,2022,2022-08-05
GXC,SPDR S&P China ETF,2022-08-04,Q3,2022,2022-08-05
XOP,SPDR S&P Oil & Gas Exploration & Production ETF,2022-08-04,Q3,2022,2022-08-05
FEZ,SPDR EURO STOXX 50 ETF,2022-08-04,Q3,2022,2022-08-05
GLD,"SPDR Gold Trust, SPDR Gold Shares",2022-08-04,Q3,2022,2022-08-05
SPY,SPDR S&P 500 ETF Trust,2022-08-04,Q3,2022,2022-08-05
XBI,SPDR S&P Biotech ETF,2022-05-08,Q2,2022,2022-05-09
KRE,SPDR S&P Regional Banking ETF,2022-05-08,Q2,2022,2022-05-09
GXC,SPDR S&P China ETF,2022-05-08,Q2,2022,2022-05-09
XOP,SPDR S&P Oil & Gas Exploration & Production ETF,2022-05-08,Q2,2022,2022-05-09
FEZ,SPDR EURO STOXX 50 ETF,2022-05-08,Q2,2022,2022-05-09
GLD,"SPDR Gold Trust, SPDR Gold Shares",2022-05-08,Q2,2022,2022-05-09
SPY,SPDR S&P 500 ETF Trust,2022-05-08,Q2,2022,2022-05-09
KMI,"Kinder Morgan, Inc.",2024-02-19,FY,2023,2024-02-20
KMI,"Kinder Morgan, Inc.",2023-10-22,Q3,2023,2023-10-23
KMI,"Kinder Morgan, Inc.",2023-07-20,Q2,2023,2023-07-21
KMI,"Kinder Morgan, Inc.",2023-04-20,Q1,2023,2023-04-21
KMI,"Kinder Morgan, Inc.",2023-02-07,FY,2022,2023-02-08
KMI,"Kinder Morgan, Inc.",2022-10-20,Q3,2022,2022-10-21
KMI,"Kinder Morgan, Inc.",2022-07-21,Q2,2022,2022-07-22
KMI,"Kinder Morgan, Inc.",2022-04-21,Q1,2022,2022-04-22
JCI,Johnson Controls International plc,2024-02-15,FY,2023,2024-02-16
JNJ,Johnson & Johnson,2024-02-15,FY,2023,2024-02-16
JCI,Johnson Controls International plc,2023-07-30,Q2,2023,2023-07-31
JNJ,Johnson & Johnson,2023-07-30,Q2,2023,2023-07-31
JCI,Johnson Controls International plc,2023-04-27,Q1,2023,2023-04-28
JNJ,Johnson & Johnson,2023-04-27,Q1,2023,2023-04-28
JCI,Johnson Controls International plc,2022-10-26,Q3,2023,2022-10-27
JNJ,Johnson & Johnson,2022-10-26,Q3,2023,2022-10-27
PG,Procter & Gamble Company,2024-01-22,Q2,2024,2024-01-23
PG,Procter & Gamble Company,2023-10-17,Q1,2024,2023-10-18
PG,Procter & Gamble Company,2023-08-03,FY,2023,2023-08-04
PG,Procter & Gamble Company,2023-04-20,Q3,2023,2023-04-21
PG,Procter & Gamble Company,2023-01-18,Q2,2023,2023-01-19
PG,Procter & Gamble Company,2022-10-18,Q1,2023,2022-10-19
PG,Procter & Gamble Company,2022-08-04,FY,2022,2022-08-05
PG,Procter & Gamble Company,2022-04-19,Q3,2022,2022-04-20
